Scully's Tavern Miami Florida yelp,scullys-tavern-miami
90 Miles Cuban Cafe Chicago Illinois yelp,90-miles-cuban-caf%25C3%25A9-chicago-5
Broders' Cucina Italiana Minneapolis Minnesota yelp,broders-cucina-italiana-minneapolis
Victor's 1959 Cafe Minneapolis Minnesota yelp,victors-1959-cafe-minneapolis-3
Jose's Real Cuban Food Bradenton Florida yelp,joses-real-cuban-food-bradenton
El Indio San Diego California yelp,el-indio-mexican-restaurant-san-diego-3
The Duce Phoenix Arizona yelp,the-duce-phoenix
Lucky's Cafe Cleveland Ohio yelp,luckys-caf%25C3%25A9-cleveland-2
Don Antonio By Starita Manhattan New York yelp,don-antonio-by-starita-new-york-2
Parkview Nightclub Cleveland Ohio yelp,parkview-nite-club-cleveland
Irazu Chicago Illinois yelp,irazu-costa-rican-restaurant-chicago-2
Harvey's Hot Dogs II Portsmouth Virginia yelp,harveys-hot-dogs-portsmouth
Foreign & Domestic Austin Texas yelp,foreign-and-domestic-austin
11th Street Diner Miami Beach Florida yelp,11th-street-diner-miami-beach-2
Italian Corner East Providence Rhode Island yelp,italian-corner-east-providence
Galway Bay Irish Pub Annapolis Maryland yelp,galway-bay-irish-restaurant-and-pub-annapolis
Meal Ticket Berkeley California yelp,meal-ticket-berkeley
The Starling Diner Long Beach California yelp,starling-diner-long-beach
The Brick Kansas City Missouri yelp,the-brick-kansas-city
Tune-Up Cafe Santa Fe New Mexico yelp,tune-up-cafe-santa-fe
Guerilla Street Food St. Louis Missouri yelp,guerrilla-street-food-saint-louis
Three Angels Diner Memphis Tennessee yelp,3-angels-on-broad-memphis-2
Nexus Brewery Albuquerque New Mexico yelp,nexus-brewery-albuquerque
Forte European Tapas Bar & Bistro Las Vegas Nevada yelp,forte-european-tapas-bar-and-bistro-las-vegas
Mahoney's Po-Boy Shop New Orleans Louisiana yelp,mahonys-po-boys-and-seafood-new-orleans
Jax At The Trax Truckee California yelp,jax-truckee-diner-truckee
Hob Nob Hill San Diego California yelp,hob-nob-hill-san-diego
Anchor Bar Superior Wisconsin yelp,anchor-bar-superior
Jimmy's Down the Street Coeur d'Alene Idaho yelp,jimmys-down-the-street-coeur-d-alene
The Penguin Charlotte North Carolina yelp,the-penguin-drive-in-charlotte
Giusti's Walnut Grove California yelp,giustis-walnut-grove
Bryant-Lake Bowl Minneapolis Minnesota yelp,bryant-lake-bowl-minneapolis-2
Tip Top Cafe San Antonio Texas yelp,de-weses-tip-top-cafe-san-antonio
Maria's Taco Express Austin Texas yelp,marias-tacos-xpress-austin
Joe's Cable Car San Francisco California yelp,joes-cable-car-restaurant-san-francisco
Louis Restaurant Providence Rhode Island yelp,louis-family-restaurant-providence
The Oinkster Eagle Rock California yelp,the-oinkster-los-angeles
La Isla Restaurant Hoboken New Jersey yelp,la-isla-restaurant-hoboken
Naked City Pizza Las Vegas Nevada yelp,naked-city-pizza-shop-on-arville-las-vegas
Harry's Roadhouse Santa Fe New Mexico yelp,harrys-roadhouse-santa-fe
Grubstake Diner San Francisco California yelp,grubstake-san-francisco
Virgil's Cafe Bellevue Kentucky yelp,virgils-cafe-bellevue
Chomp Chomp Nation Irvine California yelp,chomp-chomp-nation-anaheim-2
Darwell's Cafe Long Beach Mississippi yelp,darwells-cafe-long-beach-2
Jamaica Kitchen Kendale Lakes Florida yelp,jamaica-kitchen-miami
Tamarindo Truck Orange County California yelp,tamarindo-truck-orange
Honey's Sit-N-Eat Philadelphia Pennsylvania yelp,honeys-sit-n-eat-philadelphia
Cravings Duck North Carolina yelp,coastal-cravings-duck
Mad Greek's Diner Baker California yelp,the-mad-greek-baker
Blue Koi Kansas City Missouri yelp,blue-koi-kansas-city
Tecolote Cafe Santa Fe New Mexico yelp,tecolote-cafe-santa-fe-3
Sidecar Bar and Grille Philadelphia Pennsylvania yelp,the-sidecar-bar-and-grille-philadelphia
The Dining Car & Market Philadelphia Pennsylvania yelp,the-dining-car-and-market-philadelphia
Opal Thai Food Haleiwa Hawaii yelp,opal-thai-food-haleiwa-4
Martin's Bar-B-Que Joint Nolensville Tennessee yelp,martins-bar-b-que-joint-nolensville-4
Sal's Gilbert Pizza Gilbert Arizona yelp,sals-gilbert-pizza-gilbert
Blow Fly Inn Gulfport Mississippi yelp,blow-fly-inn-gulfport-2
Espino's Mexican Bar and Grill Chesterfield Missouri yelp,espinos-mexican-bar-and-grill-chesterfield
South Of Beale (SOB) Memphis Tennessee yelp,south-of-beale-memphis
Giuseppe's Restaurant Phoenix Arizona yelp,giuseppes-on-28th-phoenix
Tap Tap Haitian Restaurant Miami Beach Florida yelp,tap-tap-restaurant-miami-beach-2
Salsa Brava Flagstaff Arizona yelp,salsa-brava-flagstaff
Tattooed Moose Charleston South Carolina yelp,tattooed-moose-charleston
Casino El Camino Austin Texas yelp,casino-el-camino-austin
Dixie Supply Bakery & Cafe Charleston South Carolina yelp,dixie-supply-bakery-and-cafe-charleston
Donatelli's White Bear Lake Minnesota yelp,donatellis-white-bear-lake
Kramarczuk Sausage Company Minneapolis Minnesota yelp,kramarczuks-sausage-company-minneapolis
Pizzalchik Boise Idaho yelp,pizzalchik-boise
Otto's Sausage Portland Oregon yelp,ottos-sausage-kitchen-and-meat-market-portland
Los Tapatios San Jose California yelp,los-tapatios-taco-truck-san-jose
Magnolia Pancake Haus San Antonio Texas yelp,the-magnolia-pancake-haus-san-antonio
Clanton's Cafe Vinita Oklahoma yelp,clantons-cafe-vinita
Mac's Fish & Chip Shop Santa Barbara California yelp,macs-fish-and-chip-shop-santa-barbara
Triple XXX Restaurant West Lafayette Indiana yelp,triple-xxx-restaurant-west-lafayette
Anthony's Seafood Middletown Rhode Island yelp,anthonys-seafood-restaurant-middletown
Pine State Biscuits Portland Oregon yelp,pine-state-biscuits-portland-2
Hey Meatball Toronto Ontario Canada yelp,hey-meatball-toronto
Iron Barley St. Louis Missouri yelp,iron-barley-eating-establishment-saint-louis
Bunk Sandwiches Portland Oregon yelp,bunk-sandwiches-portland-5
Rosie's Diner Rockford Michigan yelp,rosies-diner-rockford
Pete's Breakfast House Ventura California yelp,petes-breakfast-house-restaurant-ventura
Marlowe's Ribs Memphis Tennessee yelp,marlowes-ribs-and-restaurant-memphis-2
John's of 12th Street Manhattan New York yelp,johns-of-12th-street-new-york-2
La Cucina Del Garga Firenze Italy yelp,la-cucina-del-garga-firenze
Dish Charlotte North Carolina yelp,dish-charlotte
Brick Oven Pizza Baltimore Maryland yelp,bop-brick-oven-pizza-baltimore
George's Place Cape May New Jersey yelp,georges-place-cape-may
Asi y Asado Cabo San Lucas Mexico yelp,as%25C3%25AD-y-asado-cabo-san-lucas-2
Standard Tap Philadelphia Pennsylvania yelp,standard-tap-philadelphia
Evelyn's Drive-In Tiverton Rhode Island yelp,evelyns-drive-in-tiverton
Supino Pizzeria Detroit Michigan yelp,supino-pizzeria-detroit
Bachi Burger Las Vegas Nevada yelp,bachi-burger-las-vegas
Bang! Denver Colorado yelp,bang-denver
Putah Creek Cafe Winters California yelp,putah-creek-cafe-winters
Chicago Brauhaus Chicago Illinois yelp,chicago-brauhaus-chicago
Mulberry Cafe Lackawanna New York yelp,mulberry-italian-ristorante-lackawanna
The Shaved Duck St. Louis Missouri yelp,the-shaved-duck-saint-louis-3
Bruno's European Restaurant Tacoma Washington yelp,brunos-european-restaurant-lakewood
The Weeping Radish Jarvisburg North Carolina yelp,weeping-radish-farm-brewery-grandy
Pier 23 Cafe San Francisco California yelp,pier-23-cafe-san-francisco
Katie's Restaurant New Orleans Louisiana yelp,katies-restaurant-and-bar-new-orleans
The Silver Skillet Atlanta Georgia yelp,the-silver-skillet-atlanta
Danny Edward's BBQ Kansas City Missouri yelp,danny-edwards-boulevard-bbq-kansas-city
George The Chili King Drive-In Des Moines Iowa yelp,george-the-chili-king-drive-in-des-moines-3
Chino Bandido Phoenix Arizona yelp,chino-bandido-phoenix-3
The Federal Miami Florida yelp,the-fed-food-drink-miami-3
Sam LaGrassa's Boston Massachusetts yelp,sam-lagrassas-boston-3
Sakaya Kitchen Miami Florida yelp,sakaya-kitchen-miami
Rigoletto Italian Bakery & Cafe Virginia Beach Virginia yelp,rigoletto-italian-bakery-virginia-beach
Casa Chimayo Restaurant Santa Fe New Mexico yelp,casa-chimayo-restaurant-santa-fe
Pig Latin (Food Truck) Colorado Springs Colorado yelp,piglatin-truck-colorado-springs
Pak's Green Corner Duluth Minnesota yelp,paks-green-corner-duluth
Scully's Tavern Miami FL yelp,scullys-tavern-miami
Bayport BBQ Bayport Minnesota yelp,bayport-bbq-bayport
Farmer's Shed Lexington South Carolina yelp,the-farmers-shed-restaurant-lexington
Polka Restaurant & Catering Los Angeles California yelp,polka-polish-restaurant-los-angeles-2
Bob's Clam Hut Kittery Maine yelp,bobs-clam-hut-kittery-2
Show Dogs San Francisco California yelp,show-dogs-san-francisco
Kelly O's Diner Pittsburgh Pennsylvania yelp,kelly-os-diner-pittsburgh
Comet Ping Pong Washington D.C. yelp,comet-ping-pong-washington
Savarino's Cucina Nashville Tennessee yelp,savarinos-cucina-nashville
Niko Niko's Houston Texas yelp,niko-nikos-greek-and-american-cafe-houston
Brint's Diner Wichita Kansas yelp,brints-diner-wichita-5
Taco Bus Tampa Florida yelp,taco-bus-tampa-8
Central City Cafe Huntington West Virginia yelp,central-city-cafe-huntington
Brindle Room New York New York yelp,brindle-room-new-york
Chaps Pit Beef Baltimore Maryland yelp,chaps-pit-beef-baltimore
Rainbow Drive-In Honolulu Hawaii yelp,rainbow-drive-in-honolulu
Bludso's BBQ Compton California yelp,bludsos-bbq-compton
Kramarczuk's Minneapolis Minnesota yelp,kramarczuks-sausage-company-minneapolis
Aldo's Harbor Restaurant Santa Cruz California yelp,aldos-harbor-restaurant-santa-cruz
Starlite Lounge Blawnox Pennsylvania yelp,starlite-lounge-pittsburgh
Artiso's Salt Lake City Utah yelp,aristos-greek-restaurant-and-cafe-salt-lake-city-2
Ruth's Diner Salt Lake City Utah yelp,ruths-diner-salt-lake-city
South 21 Drive-In Charlotte North Carolina yelp,south-21-drive-in-charlotte-2
Chop House Burgers Arlington Texas yelp,chop-house-burgers-arlington-3
Delta Diner Delta Wisconsin yelp,delta-diner-delta
The Glass Onion Charleston South Carolina yelp,the-glass-onion-charleston
South 21 Drive In Charlotte North Carolina yelp,south-21-drive-in-charlotte-2
Indy's Historic Steer-In Restaurant Indianapolis Indiana yelp,indys-historic-steer-in-restaurant-indianapolis-2
Tocabe American Indian Eatery Denver Colorado yelp,tocabe-american-indian-eatery-denver
Jake's Good Eats Charlotte North Carolina yelp,jakes-good-eats-charlotte
Meat & Bread Vancouver British Columbia yelp,meat-and-bread-vancouver
Danny's All American Diner Tampa Florida yelp,dannys-all-american-diner-and-dairy-bar-tampa-2
10th Ave Burrito Co Belmar New Jersey yelp,10th-avenue-burrito-co-belmar
Garbo's Grill Key West Florida yelp,garbos-grill-key-west-2
Louie & the Red Head Lady Mandeville Louisiana yelp,louie-and-the-redhead-lady-mandeville-3
Andale Taqueria & Mercado Richfield Minnesota yelp,andale-taqueria-y-mercado-richfield
Charlie's Diner Spencer Massachusetts yelp,charlies-diner-spencer
Haus Murphy's Glendale Arizona yelp,haus-murphys-glendale-2
Burger Me! Truckee California yelp,burger-me-truckee
Burger Bar Roy Utah yelp,burger-bar-roy
Senor Sisig Food Truck San Francisco California yelp,se%25C3%25B1or-sisig-san-francisco-3
Cafe Pita+ Houston Texas yelp,cafe-pita-houston
Sammy's Food Service & Deli New Orleans Louisiana yelp,sammys-food-service-and-deli-new-orleans
Cattlemen's Steakhouse Oklahoma City Oklahoma yelp,cattlemens-steak-house-oklahoma-city
Sweetie Pie's St. Louis Missouri yelp,sweetie-pies-soul-food-saint-louis-2
Percy Street Barbecue Philadelphia Pennsylvania yelp,percy-street-barbecue-philadelphia
Moochie's Meatballs & More Salt Lake City Utah yelp,moochies-meatballs-and-more-salt-lake-city
Louie Mueller BBQ Taylor Texas yelp,louie-mueller-barbecue-taylor
Pepe's and Mito's Dallas Texas yelp,pepes-and-mitos-mexican-caf%25C3%25A9-dallas-2
The Anchorage Tavern Somers Point New Jersey yelp,anchorage-tavern-restaurant-somers-point
Yayo Taco Las Vegas Nevada yelp,yayo-taco-las-vegas
Don's Hilltop Kodiak Grill Boise Idaho yelp,kodiak-grill-boise
Blue Ash Chili Restaurant Cincinnati Ohio yelp,blue-ash-chili-cincinnati
The Sink Boulder Colorado yelp,the-sink-boulder
Pica Pica San Francisco California yelp,pica-pica-arepa-kitchen-san-francisco
El Nuevo Frutilandia San Francisco California yelp,el-nuevo-frutilandia-san-francisco
Merritt Canteen Inc. Bridgeport Connecticut yelp,merritt-canteen-bridgeport
Parasol's New Orleans Louisiana yelp,parasols-bar-and-restaurant-new-orleans
Mom's Tamales Los Angeles California yelp,moms-tamales-los-angeles
Pizza Junction North Tonawanda New York yelp,pizza-junction-north-tonawanda
Rutt's Hawaiian Cafe Los Angeles California yelp,rutts-hawaiian-cafe-los-angeles-2
Johnny Garlic's Santa Rosa California yelp,johnny-garlics-santa-rosa-6
Fat Choy Las Vegas Nevada yelp,fat-choy-las-vegas
Grano's Pasta Bar Baltimore Maryland yelp,grano-pasta-bar-baltimore
Caplansky's Toronto Ontario Canada yelp,caplanskys-delicatessen-toronto
St. Francis Phoenix Arizona yelp,st-francis-restaurant-phoenix
Dottie's True Blue Cafe San Francisco California yelp,dotties-true-blue-cafe-san-francisco
Mas Tacos Nashville Tennessee yelp,mas-tacos-nashville
Kuma's Corner Chicago Illinois yelp,kumas-corner-chicago
Brats Brothers Sherman Oaks California yelp,brats-brothers-sherman-oaks
Rocco's Cafe San Francisco California yelp,roccos-caf%25C3%25A9-san-francisco-3
The Ritz Diner Livingston New Jersey yelp,ritz-diner-livingston
Counter Cafe Austin Texas yelp,counter-cafe-east-austin
South Philadelphia Tap Room Philadelphia Pennsylvania yelp,south-philadelphia-tap-room-philadelphia-3
Lito's Mexican Restaurant Santa Barbara California yelp,litos-take-out-santa-barbara
BB's Lawnside BBQ Kansas City Missouri yelp,b-b-s-lawnside-bbq-kansas-city
Colossal Cafe Minneapolis Minnesota yelp,colossal-caf%25C3%25A9-saint-paul-2
W.O.W. - Worth Our Weight Santa Rosa California yelp,worth-our-weight-santa-rosa
Tioli's Crazee Burger San Diego California yelp,crazee-burger-san-diego-3
Crockett's Public House Puyallup Washington yelp,crocketts-public-house-puyallup
Jimmy's Famous Seafood Baltimore Maryland yelp,jimmys-famous-seafood-baltimore
Monte Carlo Steak House Albuquerque New Mexico yelp,monte-carlo-steak-house-albuquerque-2
Shorty's Pizza and Smoked Meat Superior Wisconsin yelp,shortys-pizza-and-smoked-meat-superior
Jimtown Store Healdsburg California yelp,jimtown-store-healdsburg-2
Leo's BBQ Oklahoma City Oklahoma yelp,leos-barbeque-oklahoma-city
Save On Meats Vancouver British Columbia yelp,save-on-meats-vancouver
Galewood Cook Shack Chicago Illinois yelp,https://www.tvfoodies.com/states/illinois%3Fpage%3D2%26pagesize%3D30
Cafe Brazil Denver Colorado yelp,caf%25C3%25A9-brazil-denver-2
Memphis Barbecue Co. Horn Lake Mississippi yelp,memphis-barbecue-company-horn-lake-2
Memphis Taproom Philadelphia Pennsylvania yelp,memphis-taproom-philadelphia
Rick's White Light Diner Frankfort Kentucky yelp,ricks-white-light-diner-frankfort
Magnolia Cafe Austin Texas yelp,magnolia-cafe-austin-2
Highway Inn & Ho'okipa Catering Waipahu Hawaii yelp,highway-inn-waipahu
Culhane's Irish Pub Atlantic Beach Florida yelp,culhanes-irish-pub-atlantic-beach
Mert's Heart & Soul Charlotte North Carolina yelp,merts-heart-and-soul-charlotte
The Bagel Delicatessen & Restaurant Denver Colorado yelp,the-bagel-deli-and-restaurant-denver-3
Sam's Rialto Bar & Grill Pleasantville New Jersey yelp,sams-rialto-bar-and-grill-pleasantville-2
Harold's Cafe Gaffney South Carolina yelp,harolds-restaurant-gaffney
Sage General Store Queens New York yelp,sage-roadhouse-long-island-city
Avila's Cafe Dallas Texas yelp,avilas-mexican-restaurant-dallas
Gazala's Place Manhattan New York yelp,gazalas-new-york-23
Pastabilities Syracuse New York yelp,pastabilities-syracuse
Muertos Kitchen & Lounge Bakersfield California yelp,muertos-kitchen-and-lounge-bakersfield-2
The Barking Dog Indianapolis Indiana yelp,barking-dog-cafe-indianapolis
Doumar's Norfolk Virginia yelp,doumars-cones-and-barbecue-norfolk
Nickel Diner Los Angeles California yelp,nickel-diner-los-angeles-2
Dell Rhea's Chicken Basket Willowbrook Illinois yelp,dell-rheas-chicken-basket-willowbrook
Ben's Best Deli Queens New York yelp,bens-best-rego-park-2
Foolish Craig's Cafe Boulder Colorado yelp,foolish-craigs-boulder
The Lodge Sasquatch Kitchen Fort Collins Colorado yelp,the-lodge-sasquatch-kitchen-fort-collins
Pawley's Front Porch Columbia South Carolina yelp,pawleys-front-porch-columbia
Zia Diner & Angel Food Catering Santa Fe New Mexico yelp,zia-diner-santa-fe
Cafe on the Route Baxter Springs Kansas yelp,cafe-on-the-route-baxter-springs-2
Virginia Diner Wakefield Virginia yelp,virginia-diner-wakefield-2
Golden Crown Restaurant Albuquerque New Mexico yelp,golden-crown-panaderia-albuquerque
Sammy's Food Services & Deli New Orleans Louisiana yelp,sammys-food-service-and-deli-new-orleans
Bub and Pop's Washington DC yelp,bub-and-pops-washington
The Farmer's Shed Lexington South Carolina yelp,the-farmers-shed-restaurant-lexington
Mo Gridder's BBQ Bronx New York yelp,mogridders-bbq-bronx
Center Point Pit Barbecue Hendersonville Tennessee yelp,center-point-barbecue-hendersonville
Taco Taco Cafe San Antonio Texas yelp,taco-taco-cafe-san-antonio
Panini Pete's Fairhope Alabama yelp,panini-petes-fairhope
Pam's Kitchen Seattle Washington yelp,pams-kitchen-seattle-4
Tortugas' Lie Nags Head North Carolina yelp,tortugas-lie-nags-head-2
Bless My Soul Eureka California yelp,bless-my-soul-cafe-eureka
Greek Corner Restaurant Cambridge Massachusetts yelp,greek-corner-restaurant-cambridge
Hightstown Diner Hightstown New Jersey yelp,hightstown-diner-hightstown
Stockyards Smokehouse and Larder Toronto Ontario Canada yelp,the-stockyards-toronto
Caffe Nonna Nashville Tennessee yelp,caff%25C3%25A9-nonna-nashville-2
Big Star Diner Bainbridge Island Washington yelp,the-madison-diner-bainbridge-island
Super Duper Weenie Fairfield Connecticut yelp,super-duper-weenie-fairfield
Athens Family Restaurant Nashville Tennessee yelp,athens-family-restaurant-nashville
The Latin House Miami Florida yelp,latin-house-grill-miami-3
Caplansky's Deli Toronto Ontario yelp,caplanskys-delicatessen-toronto
Don Chow Tacos Los Angeles California yelp,don-chow-tacos-los-angeles
Smoque Chicago Illinois yelp,smoque-bbq-chicago
The Lobster Shanty Salem Massachusetts yelp,the-lobster-shanty-salem
Blue Moon Cafe Baltimore Maryland yelp,blue-moon-cafe-baltimore
The Fish House Key Largo Florida yelp,the-fish-house-key-largo
Skylark Diner Edison New Jersey yelp,skylark-diner-edison
The Tamale Place Indianapolis Indiana yelp,the-tamale-place-indianapolis
Pizza Palace Knoxville Tennessee yelp,pizza-palace-knoxville
Texas Pride BBQ Adkins Texas yelp,texas-pride-barbecue-adkins
55 South Franklin Tennessee yelp,55-south-franklin
Nora's Fish Creek Inn Wilson Wyoming yelp,noras-fish-creek-inn-wilson
Golden Crown Panaderia Albuquerque New Mexico yelp,golden-crown-panaderia-albuquerque
Geraci's Restaurant Cleveland Ohio yelp,geracis-restaurant-university-heights
Boot's and Kimo's Homestyle Kitchen Kailua Hawaii yelp,boots-and-kimos-homestyle-kitchen-kailua
Clendenen's Cider Works Fortuna California yelp,clendenens-cider-works-fortuna
Jamaica Gates Caribbean Cuisine Arlington Texas yelp,jamaica-gates-caribbean-cuisine-arlington
Fuel Cantina Charleston South Carolina yelp,fuel-charleston-2
Thee Pitts Again Silverton Colorado yelp,thee-pitts-again-silverton
Zest Indianapolis Indiana yelp,zest-exciting-food-creations-indianapolis-3
Miller's East Coast Deli San Francisco California yelp,millers-east-coast-deli-san-francisco
Roberto's Mexican Food Phoenix Arizona yelp,robertos-mexican-food-phoenix-2
Pretzel Cart Ferndale California yelp,disneylands-pretzel-cart-anaheim
Joe Squared Pizza Baltimore Maryland yelp,joe-squared-pizza-baltimore
Flakowitz of Boynton Boynton Beach Florida yelp,flakowitz-of-boynton-boynton-beach
Nico's Pier 38 Honolulu Hawaii yelp,nicos-pier-38-honolulu-2
Lake Effect Diner Buffalo New York yelp,lake-effect-diner-buffalo-2
Emma Jean's Holland Burger Cafe Victorville California yelp,emma-jeans-holland-burger-cafe-victorville
Whale's Rib Deerfield Beach Florida yelp,the-whales-rib-deerfield-beach
Blackthorn Restaurant & Pub Buffalo New York yelp,blackthorn-restaurant-and-pub-buffalo
Jamaicaway Nashville Tennessee yelp,jamaicaway-restaurant-and-catering-nashville-2
Munch's Restaurant & Sundries St. Petersburg Florida yelp,munchs-sundries-and-restaurant-saint-petersburg
Geechee Girl Rice Cafe Philadelphia Pennsylvania yelp,geechee-girl-rice-cafe-philadelphia
Island Frydays Cincinnati Ohio yelp,island-frydays-cincinnati
R&R Taqueria Elkridge Maryland yelp,r-and-r-taqueria-elkridge-2
Smokey Valley Truck Stop Olive Hill Kentucky yelp,smokey-valley-truck-stop-olive-hill
Captain Chuck A Mucks Rescue Virginia yelp,captain-chuck-a-mucks-sandbar-and-grill-carrollton
Byways Cafe Portland Oregon yelp,byways-cafe-portland
Osaka Japanese Bistro Las Vegas Nevada yelp,osaka-japanese-bistro-las-vegas
Singleton's Seafood Shack Atlantic Beach Florida yelp,singletons-seafood-shack-jacksonville-2
Shirley's Tippy Canoe Troutdale Oregon yelp,shirleys-tippy-canoe-troutdale
Swagger Fine Spirits & Food Kansas City Missouri yelp,swagger-fine-spirits-and-food-kansas-city
Town Talk Diner Minneapolis Minnesota yelp,town-talk-diner-and-gastropub-minneapolis
Tampa Bay Brewing Co. Tampa Florida yelp,tampa-bay-brewing-company-tampa
Duck's Eatery Manhattan New York yelp,ducks-eatery-new-york-2
The Blue Door Pub St. Paul Minnesota yelp,the-blue-door-pub-saint-paul
Taylor's Automatic Refresher St. Helena California yelp,gotts-roadside-saint-helena-2
The Golden Bear Sacramento California yelp,the-golden-bear-sacramento
Little Tea Shop Memphis Tennessee yelp,the-little-tea-shop-memphis
Industrial Cafe & Saloon Portland Oregon yelp,industrial-cafe-and-saloon-portland
Broken Record San Francisco California yelp,broken-record-san-francisco
White Manna Hamburgers Hackensack New Jersey yelp,white-manna-hackensack
Grinders Pizza Kansas City Missouri yelp,grinders-kansas-city
Smalley's Caribbean Barbeque Stillwater Minnesota yelp,smalleys-caribbean-barbeque-and-pirate-bar-stillwater
Louis Family Restaurant Providence Rhode Island yelp,louis-family-restaurant-providence
Danny's All-American Diner & Dairy Bar Tampa Florida yelp,dannys-all-american-diner-and-dairy-bar-tampa-2
Sonny's Famous Steak Hogies Hollywood Florida yelp,sonnys-famous-steak-hoagies-hollywood-2
bopNgrill Chicago Illinois yelp,bopngrill-chicago-3
Tupelo Cambridge Massachusetts yelp,tupelo-cambridge-3
Edelweiss Sausage & Delicatessen Portland Oregon yelp,edelweiss-sausage-co-and-delicatessen-portland
Clarkston Union Bar & Kitchen Clarkston Michigan yelp,clarkston-union-bar-and-kitchen-clarkston
Piccini Wood Fired Brick Oven Pizza Ocean City NJ yelp,piccini-wood-fired-brick-oven-pizza-ocean-city
Santa Cruz Diner Santa Cruz California yelp,santa-cruz-diner-santa-cruz
Bocadillas: Slow Roasted Sandwich Shop Albuquerque New Mexico yelp,bocadillos-slow-roasted-albuquerque
Sidecar Brooklyn New York yelp,sidecar-brooklyn-3
Backroad Pizza Santa Fe New Mexico yelp,back-road-pizza-santa-fe
Blunch Boston Massachusetts yelp,blunch-boston
Jawaiian Irie Jerk Restaurant Honolulu Hawaii yelp,jawaiian-irie-jerk-restaurant-honolulu
The Original Vito & Nick's Pizzeria Chicago Illinois yelp,vito-and-nicks-pizzeria-chicago
Terry's Turf Club Cincinnati Ohio yelp,terrys-turf-club-cincinnati
Lone Star Taqueria Salt Lake City Utah yelp,lone-star-taqueria-salt-lake-city-2
Lauer-Krauts Brighton Colorado yelp,lauer-krauts-brighton
The Wild Thaiger Phoenix Arizona yelp,wild-thaiger-phoenix
Studio Diner San Diego California yelp,studio-diner-san-diego
The Highlander Atlanta Georgia yelp,the-highlander-atlanta
Beach Pub Virginia Beach Virginia yelp,beach-pub-virginia-beach
900 Grayson Restaurant Berkeley California yelp,900-grayson-berkeley-2
Alewife Baltimore Baltimore Maryland yelp,alewife-baltimore-baltimore
Big & Littles Chicago Illinois yelp,big-and-littles-restaurant-chicago-3
Daddypops Hatboro Pennsylvania yelp,daddypops-hatboro
Get Fresh Cafe Norfolk Virginia yelp,get-fresh-cafe-norfolk
Donnie Mac's Trailer Park Cuisine Boise Idaho yelp,donnie-macs-trailer-park-cuisine-boise
Funk N Waffles Syracuse New York yelp,funk-n-waffles-syracuse
The Creole Creamery New Orleans Louisiana yelp,creole-creamery-new-orleans
Tick Tock Diner Clifton New Jersey yelp,tick-tock-diner-clifton
The Liberty Elm Diner Providence Rhode Island yelp,the-liberty-elm-diner-providence-2
Dough Pizzeria Napoletana San Antonio Texas yelp,dough-pizzeria-napoletana-san-antonio
Casper & Runyon's Nook St. Paul Minnesota yelp,caspers-and-runyons-nook-saint-paul
Buttermilk Kitchen Atlanta Georgia yelp,buttermilk-kitchen-atlanta
John Mull's Road Kill Grill Las Vegas Nevada yelp,john-mulls-meats-and-road-kill-grill-las-vegas-2
Lotus Cafe Jackson Wyoming yelp,lotus-jackson
The Cube Albuquerque New Mexico yelp,the-cube-albuquerque
Mountain Shadows Restaurant Colorado Springs Colorado yelp,mountain-shadows-restaurant-colorado-springs
Poke Stop at Mililana Mauka Llc. Mililani Hawaii yelp,poke-stop-mililani
Folk Art Atlanta Georgia yelp,folk-art-atlanta-2
Mi Patria Ecuadorian Restaurant West Des Moines Iowa yelp,mi-patria-west-des-moines
Paradise Pup Des Plaines Illinois yelp,paradise-pup-des-plaines
13 Gypsies Jacksonville Florida yelp,13-gypsies-jacksonville-2
Louie Mueller's Barbecue Taylor Texas yelp,louie-mueller-barbecue-taylor
Leonard's BBQ Memphis Tennessee yelp,leonards-pit-barbecue-memphis
Standard Diner Albuquerque New Mexico yelp,standard-diner-albuquerque
Windows On The World (Ristorante WOW) Montecatini Terme Italy yelp,ristorante-w-o-w-montecatini-terme
White Palace Grill Chicago Illinois yelp,white-palace-grill-chicago
Sam's No. 3 Denver Colorado yelp,sams-no-3-downtown-denver
Soup Nation Eugene Oregon yelp,soup-nation-eugene
Mike's Chili Parlor Seattle Washington yelp,mikes-chili-parlor-seattle
Tortilleria Nixtamal Queens New York yelp,tortilleria-nixtamal-corona-4
The Coffee Cup Boulder City Nevada yelp,the-coffee-cup-boulder-city
Eveready Diner Hyde Park New York yelp,eveready-diner-hyde-park
Becky's Diner Portland Maine yelp,beckys-diner-portland
Jethros Fine Grub Vancouver British Columbia yelp,jethros-fine-grub-vancouver
Fratelli Briganti Firenze Italy yelp,fratelli-briganti-firenze
Silk City Diner Philadelphia Pennsylvania yelp,silk-city-diner-and-lounge-philadelphia
Germaine's Luau Kapolei Hawaii yelp,germaines-luau-kapolei
Emily's Lebanese Deli Minneapolis Minnesota yelp,emilys-lebanese-delicatessen-minneapolis
Italian Express Pizzeria East Boston Massachusetts yelp,italian-express-pizzeria-boston-2
Paul's Coffee Shop Fountain Valley California yelp,pauls-coffee-shop-fountain-valley
RJ's Bob-Be-Que Shack Mission Kansas yelp,rjs-bob-be-que-shack-mission
The Depot American Diner Chicago Illinois yelp,depot-diner-chicago-2
Tommy's Joynt San Francisco California yelp,tommys-joynt-san-francisco
Duarte's Tavern Pescadero California yelp,duartes-tavern-pescadero
Spice Island Grill Colorado Springs Colorado yelp,spice-island-grill-colorado-springs
Voula's Offshore Cafe Seattle Washington yelp,voulas-offshore-cafe-seattle
The General Store Silver Spring Maryland yelp,the-general-store-silver-spring
Marla's Caribbean Cuisine Minneapolis Minnesota yelp,marlas-caribbean-cuisine-minneapolis-2
Mustache Bill's Barnegat Light New Jersey yelp,mustache-bills-diner-barnegat-light
Eischen's Bar Okarche Oklahoma yelp,eischens-bar-okarche
The Shanty Wadsworth Illinois yelp,the-shanty-wadsworth
Mike's City Diner Boston Massachusetts yelp,mikes-city-diner-boston
Lankford Grocery Houston Texas yelp,lankford-grocery-houston
Jamaican Jerk Hut Philadelphia Pennsylvania yelp,jamaican-jerk-hut-philadelphia
The Ace Toronto Ontario Canada yelp,the-ace-toronto
Trina's Starlite Lounge Somerville Massachusetts yelp,trinas-starlite-lounge-somerville-2
Louie's Dallas Texas yelp,louies-dallas
Cafe Rolle Sacramento California yelp,cafe-rolle-sacramento-3
Red Arrow Diner Manchester New Hampshire yelp,the-red-arrow-diner-manchester-2
Front Range Barbeque Colorado Springs Colorado yelp,front-range-barbeque-colorado-springs
Koja Kitchen Food Truck San Francisco California yelp,koja-kitchen-san-francisco-7
Tomahawk Restaurant North Vancouver British Columbia yelp,tomahawk-barbeque-north-vancouver
Boulevard Diner Dundalk Colorado yelp,boulevard-diner-dundalk
24th Street Cafe Bakersfield California yelp,24th-street-cafe-bakersfield
The Cove San Antonio Texas yelp,the-cove-san-antonio
Falafel's Drive-In San Jose California yelp,falafels-drive-in-san-jose
Surrey's Cafe New Orleans Louisiana yelp,surreys-caf%25C3%25A9-and-juice-bar-new-orleans-2
Eastside Market Italian Deli Los Angeles California yelp,eastside-market-italian-deli-los-angeles-4
Beer Belly Los Angeles California yelp,beer-belly-los-angeles-2
Emily's Lebanese Delicatessen Minneapolis Minnesota yelp,emilys-lebanese-delicatessen-minneapolis
Southern Soul Barbeque St. Simons Island Georgia yelp,southern-soul-barbeque-saint-simons-island-2
Torinos Albuquerque New Mexico yelp,torinos-home-albuquerque
Smokey D's BBQ Des Moines Iowa yelp,smokey-ds-bbq-des-moines-3
Hopleaf Bar Chicago Illinois yelp,hopleaf-chicago
Union Wood Shop Clarkston Michigan yelp,union-woodshop-clarkston
OB Noodle House Ocean Beach California yelp,ob-noodle-house-san-diego
Mama E's Oklahoma City yelp,mama-es-wings-and-waffles-oklahoma-city
Axios Estiatorio Denver Colorado yelp,axios-estiatorio-denver
Slim's Last Chance Chili Shack & Watering Hole Seattle Washington yelp,slims-last-chance-seattle
Southern Kitchen Restaurant Tacoma Washington yelp,southern-kitchen-tacoma
Tee Off Bar & Grill San Francisco California yelp,tee-off-bar-and-grill-san-francisco
Jay Bee's Bar-B-Que Gardena California yelp,jay-bees-bar-b-q-gardena-3
Flakowitz of Boynton Bakery & Deli Restaurant Boynton Beach Florida yelp,flakowitz-of-boynton-boynton-beach
Duluth Grill Duluth Minnesota yelp,duluth-grill-duluth
Oh Mai Holladay Utah yelp,oh-mai-salt-lake-city-2
Fresh Local Wild Vancouver British Columbia yelp,wildtale-coastal-grill-vancouver
Highway 61 Roadhouse and Kitchen Webster Groves Missouri yelp,hwy-61-roadhouse-and-kitchen-saint-louis
Whisk Gourmet Miami Florida yelp,whisk-gourmet-food-and-catering-miami-2
The Blue-Eyed Crab Caribbean Grill & Rum Bar Plymouth Massachusetts yelp,blue-eyed-crab-caribbean-grill-and-rum-bar-plymouth
Angela's Cafe East Boston Massachusetts yelp,angelas-cafe-boston-3
Cafe Nooner Eureka California yelp,cafe-nooner-eureka-3
Southside Soda Shop and Diner Goshen Indiana yelp,south-side-soda-shop-goshen-2
Dana's Kitchen Falmouth Massachusetts yelp,danas-kitchen-falmouth
Bubba's Diner San Anselmo California yelp,bubbas-diner-san-anselmo
Ferndale Meat Co. Ferndale California yelp,ferndale-meat-ferndale
Taste of Peru Chicago Illinois yelp,taste-of-peru-chicago-3
Good Dog Bar & Restaurant Philadelphia Pennsylvania yelp,good-dog-bar-philadelphia
Benny's Seafood Restaurant South Miami Florida yelp,bennys-seafood-restaurant-miami-3
Defonte's Sandwich Shop Brooklyn New York yelp,defontes-brooklyn
YJ's Snack Bar Kansas City Missouri yelp,yjs-snack-bar-kansas-city
Big Daddy's BBQ & Banquet Fairbanks Alaska yelp,big-daddys-barb-q-fairbanks
Fat Sal's Deli Los Angeles California yelp,fat-sals-deli-los-angeles-2
North End Cafe Manhattan Beach California yelp,north-end-caffe-manhattan-beach-3
La Texanita Santa Rosa California yelp,la-texanita-santa-rosa-2
Nadine's Restaurant Pittsburgh Pennsylvania yelp,nadines-pittsburgh
The Sparrow Tavern Queens New York yelp,the-sparrow-tavern-astoria
La Camoronera Restaurant & Fish Market Miami Florida yelp,la-camaronera-seafood-joint-and-fish-market-miami-2
Maple & Motor Dallas Texas yelp,maple-and-motor-dallas
Cempazuchi Milwaukee Wisconsin yelp,cempazuchi-milwaukee
Naglee Park Garage San Jose California yelp,naglee-park-garage-san-jose
Nye's Polonaise Room Minneapolis Minnesota yelp,nyes-polonaise-room-minneapolis
Frank's Diner Kenosha Wisconsin yelp,franks-diner-kenosha
Tune In Restaurant Washington D.C. yelp,tune-inn-washington
Jambo Cafe Santa Fe New Mexico yelp,jambo-cafe-santa-fe
Shucker's World Famous Raw Bar Woods Hole Massachusetts yelp,shuckers-woods-hole
Bakersfield OTR Cincinnati Ohio yelp,bakersfield-otr-cincinnati-2
Dj's Clam Shack Key West Florida yelp,djs-clam-shack-key-west
Psycho Suzie's Motor Lounge Minneapolis Minnesota yelp,psycho-suzis-motor-lounge-minneapolis-2
Northern Waters Smokehaus Duluth Minnesota yelp,northern-waters-smokehaus-duluth
Luke's Inside Out Austin Texas yelp,lukes-inside-out-austin
Cannery Row Brewing Company Monterey California yelp,cannery-row-brewing-company-monterey
Porthole Restaurant Portland Maine yelp,the-porthole-restaurant-and-pub-portland
Joy Cafe Atlanta Georgia yelp,joy-cafe-atlanta
Brewburger's Omaha Nebraska yelp,brewburgers-omaha-3
Crown Bar Tacoma Washington yelp,crown-bar-tacoma
The Country Cat Portland Oregon yelp,the-country-cat-dinnerhouse-and-bar-portland
Pat's BBQ Salt Lake City Utah yelp,pats-bbq-salt-lake-city
Afrah Richardson Texas yelp,afrah-restaurant-richardson-2
Woodyard Bar-B-Que Kansas City Kansas yelp,woodyard-bar-b-que-kansas-city-3
Elk Public House Spokane Washington yelp,the-elk-public-house-spokane
Black Tree Manhattan New York yelp,black-tree-new-york
Mama Cozza's Anaheim California yelp,mama-cozzas-anaheim
Angelo's Civito Farnese Providence Rhode Island yelp,angelos-civita-farnese-providence
Beacon Drive-In Spartanburg South Carolina yelp,the-beacon-drive-in-spartanburg
Moo Creamery Bakersfield California yelp,moo-creamery-bakersfield
Rudy's Can't Fail Cafe Emeryville California yelp,rudys-cant-fail-cafe-emeryville-3
The General Muir Atlanta Georgia yelp,the-general-muir-atlanta
Pickle Jar Kitchen Falmouth Massachusetts yelp,pickle-jar-kitchen-falmouth
Sol Food Puerto Rican Cuisine San Rafael California yelp,sol-food-san-rafael-3
Barbecue King Drive-In Charlotte North Carolina yelp,bar-b-q-king-charlotte
La Pines Cafe Slidell Louisiana yelp,la-pines-cafe-slidell
Murphy's Bar & Grill Honolulu Hawaii yelp,murphys-bar-and-grill-honolulu
Oohh's & Aahh's Gourmet Deli Washington D.C. yelp,oohhs-and-aahhs-washington
Rosedale Diner Toronto Ontario Canada yelp,rosedale-diner-toronto
Rasta Pasta Colorado Springs Colorado yelp,rasta-pasta-colorado-springs
PotPie Kansas City Missouri yelp,potpie-kansas-city
Fish Tale Brew Pub Olympia Washington yelp,fish-tale-brewpub-olympia
Camille's on Wheels Kailua Hawaii yelp,camilles-on-wheels-kailua
Gloria's Cafe Los Angeles California yelp,glorias-cafe-los-angeles
The Redhead Manhattan New York yelp,the-redhead-new-york
Dirty Oscar's Annex Tacoma Washington yelp,dirty-oscars-annex-tacoma
The Wienery Minneapolis Minnesota yelp,the-wienery-minneapolis
PDX671 Food Trailer Portland Oregon yelp,pdx-six-seven-one-portland
Arnold's Country Kitchen Nashville Tennessee yelp,arnolds-country-kitchen-nashville
Q Restaurant San Francisco California yelp,q-restaurant-and-wine-bar-san-francisco
Joe Tess Place Omaha Nebraska yelp,joe-tess-place-omaha
JT Farnham's Seafood & Grill Essex Massachusetts yelp,jt-farnhams-essex-2
Pizzeria Luigi San Diego California yelp,pizzeria-luigi-san-diego
Brine and Bottle Nags Head North Carolina yelp,the-brine-and-bottle-nags-head
Maine Diner Wells Maine yelp,maine-diner-wells-2
Dari-ette Drive-In St. Paul Minnesota yelp,dari-ette-drive-in-saint-paul-3
Dad's Kitchen Sacramento California yelp,dads-kitchen-sacramento-3
Squeeze Inn Sacramento California yelp,squeeze-inn-sacramento
Brandy's Restaurant & Bakery Flagstaff Arizona yelp,brandys-restaurant-and-bakery-flagstaff-2
Ingrid's Kitchen Oklahoma City Oklahoma yelp,ingrids-kitchen-oklahoma-city-2
Uncle Lou's Memphis Tennessee yelp,uncle-lous-fried-chicken-memphis
Salty's BBQ & Catering Bakersfield California yelp,saltys-bbq-and-catering-bakersfield
Islamorada Shrimp Shack Islamorada Florida yelp,islamorada-shrimp-shack-islamorada-2
Ivanhoe Ferndale California yelp,hotel-ivanhoe-ferndale
Tavern on 2 Long Beach California yelp,tavern-on-2-long-beach
Q Fanatic BBQ Champlin Minnesota yelp,q-fanatic-champlin
Pagoda Restaurant North Pole Alaska yelp,pagoda-restaurant-north-pole
El Bohio San Antonio Texas yelp,el-bohio-san-antonio-2
Paradise Valley Burger Company Phoenix Arizona yelp,paradise-valley-burger-company-phoenix-3
The Elegant Farmer Mukwonago Wisconsin yelp,the-elegant-farmer-mukwonago
Grilled Cheese & Crab Cake Co. Somers Point New Jersey yelp,the-grilled-cheese-and-crab-cake-somers-point-2
Parasol's Restaurant & Bar New Orleans Louisiana yelp,parasols-bar-and-restaurant-new-orleans
Chaps Coffee Co. Spokane Washington yelp,chaps-coffee-spokane
Chef Lou's Westside Drive-In Boise Idaho yelp,westside-drive-in-boise-2
Gumbo Shack Fairhope Alabama yelp,the-gumbo-shack-fairhope
Pot Pie Kansas City Missouri yelp,potpie-kansas-city
Nopalito San Francisco California yelp,nopalito-san-francisco
UNLV Las Vegas Nevada yelp,university-of-nevada-las-vegas-las-vegas-8
The Nook St. Paul Minnesota yelp,caspers-and-runyons-nook-saint-paul
Queen's Comfort Queens New York yelp,queens-comfort-astoria
Wilson's Holy Smoke BBQ Fairfield Connecticut yelp,wilsons-barbeque-fairfield
Taste of Belgium Cincinnati Ohio yelp,taste-of-belgium-cincinnati-10
Bocadillos Albuquerque New Mexico yelp,bocadillos-slow-roasted-albuquerque
KC Steakhouse Bakersfield California yelp,kc-steakhouse-bakersfield-3
Otto's Sausage Kitchen & Meat Market Portland Oregon yelp,ottos-sausage-kitchen-and-meat-market-portland
Joey K's Restaurant & Bar New Orleans Louisiana yelp,joey-ks-restaurant-and-bar-new-orleans
Cabbage Town Market Atlanta Georgia yelp,cabbagetown-market-atlanta
Parkette Drive In Lexington Kentucky yelp,parkette-drive-in-lexington
Grillstock London UK yelp,grillstock-smokehouse-bristol
Colonnade Atlanta Georgia yelp,colonnade-restaurant-atlanta
Brick & Fire Eureka California yelp,brick-and-fire-bistro-eureka
Jamie's Bar & Grill Sacramento California yelp,jamies-broadway-grille-sacramento
Over Easy Phoenix Arizona yelp,over-easy-phoenix
Chilam Balam Chicago Illinois yelp,chilam-balam-chicago-2
Digiorgio's Cafe Largo Key Largo Florida yelp,digiorgios-cafe-largo-key-largo-3
Cafe Citti Kenwood California yelp,cafe-citti-kenwood
Frank's Noodle House Portland Oregon yelp,franks-noodle-house-portland
DJ's Clam Shack Key West Florida yelp,djs-clam-shack-key-west
Anthonino's Taverna St. Louis Missouri yelp,anthoninos-taverna-saint-louis
The Shed Ocean Springs Mississippi yelp,the-shed-bbq-and-blues-joint-ocean-springs-7
Matt's Big Breakfast Phoenix Arizona yelp,matts-big-breakfast-phoenix-2
Barrio Cafe Phoenix Arizona yelp,barrio-caf%25C3%25A9-phoenix-2
Lola's - A Louisiana Kitchen Las Vegas Nevada yelp,lolas-a-louisana-kitchen-las-vegas
California Tacos Omaha Nebraska yelp,california-tacos-and-more-omaha
Hill's Restaurant & Lounge Spokane Washington yelp,hills-restaurant-and-lounge-spokane-2
Memphis Street Cafe Hernando Mississippi yelp,underground-cafe-hernando
HRD Coffee Shop San Francisco California yelp,hrd-san-francisco-4
North Bound Smokehouse and Brewpub Minneapolis Minnesota yelp,northbound-smokehouse-and-brewpub-minneapolis-2
Georgia Greek Restaurant & Deli Seattle Washington yelp,georgias-greek-restaurant-and-deli-seattle
Big Wave Shrimp Truck Haleiwa Hawaii yelp,big-wave-shrimp-haleiwa
Pecan Lodge Dallas Texas yelp,pecan-lodge-dallas-3
Cupini's Kansas City Missouri yelp,cupinis-kansas-city
Dressel's Public House St. Louis Missouri yelp,dressels-public-house-saint-louis-2
Succotash Kansas City Missouri yelp,succotash-kansas-city
Il Gusta Pizza Firenze Italy yelp,gusta-pizza-firenze
Wild Plum Cafe & Bistro Monterey California yelp,the-wild-plum-cafe-and-bakery-monterey
Citrus Breakfast & Lunch Virginia Beach Virginia yelp,citrus-virginia-beach
Saus Boston Massachusetts yelp,saus-boston
The Village Cafe Richmond Virginia yelp,the-village-cafe-richmond
Marie's Italian Specialties Chatham New Jersey yelp,maries-italian-specialties-chatham
Whitner's Barbeque Virginia Beach Virginia yelp,whitners-barbecue-virginia-beach
Taste of Europe Arlington Texas yelp,a-taste-of-europe-arlington
Sterle's Slovenian Country House Cleveland Ohio yelp,sterles-country-house-cleveland
Bro's Cajun Cuisine Nashville Tennessee yelp,bros-cajun-cuisine-nashville
Mr. Bartley's Gourmet Burgers Cambridge Massachusetts yelp,mr-bartleys-gourmet-burgers-cambridge
Cane Rosso Dallas Texas yelp,cane-rosso-dallas
Rincon Criollo Queens New York yelp,rincon-criollo-corona
Mama Roomba Bakersfield California yelp,mama-roomba-bakersfield
The Refuge San Carlos California yelp,the-refuge-san-carlos
Slainte Irish Pub and Restaurant Baltimore Maryland yelp,sl%25C3%25A1inte-irish-pub-and-restaurant-baltimore-2
Yankee Lobster Company Boston Massachusetts yelp,yankee-lobster-boston
Blue Plate Diner Salt Lake City Utah yelp,blue-plate-diner-salt-lake-city
A1 Diner Gardiner Maine yelp,a1-diner-gardiner
Bobo Drive-In Topeka Kansas yelp,bobos-drive-in-topeka
Tin Shed Garden Cafe Portland Oregon yelp,tin-shed-portland
Perk Eatery Scottsdale Arizona yelp,perk-eatery-scottsdale
Bird of Smithfield London UK yelp,bird-of-smithfield-london-2
Kounty Quarthouse South Range Wisconsin yelp,kounty-quarthouse-south-range
Bette's Oceanview Diner Berkeley California yelp,bettes-oceanview-diner-berkeley
Cozy Corner Memphis Tennessee yelp,cozy-corner-restaurant-memphis-2
Corey's Catsup & Mustard Manchester Connecticut yelp,coreys-catsup-and-mustard-manchester
Pizzeria Lola Minneapolis Minnesota yelp,pizzeria-lola-minneapolis
Ted Peters Famous Smoked Fish South Pasadena Florida yelp,ted-peters-famous-smoked-fish-south-pasadena
Pho Lang Thang Cincinnati Ohio yelp,pho-lang-thang-cincinnati
Nic's Grill Oklahoma City Oklahoma yelp,nics-grill-oklahoma-city
Catelli's Geyserville California yelp,catellis-geyserville-4
Hildebrandt's Williston Park New York yelp,hildebrandts-williston-park
Rick's Press Room & Grill Meridian Idaho yelp,ricks-press-room-grill-and-bar-meridian
Polish Village Cafe Hamtramck Michigan yelp,polish-village-cafe-hamtramck-5
Vagabond Kitchen & Tap House Atlantic City New Jersey yelp,vagabond-kitchen-and-tap-house-atlantic-city
Hodad's Ocean Beach California yelp,hodads-san-diego
Sammy's Bistro Park City Utah yelp,sammys-bistro-park-city-2
He'eia Kea Pier General Store and Deli Kaneohe Hawaii yelp,heeia-kea-pier-general-store-and-deli-kaneohe-3
Little Napoli Carmel California yelp,little-napoli-carmel-2
Pinky G's Pizzeria Jackson Wyoming yelp,pinky-gs-pizzeria-jackson
The Silver Star Cafe Park City Utah yelp,silver-star-cafe-park-city
Casamento's Restaurant New Orleans Louisiana yelp,casamentos-restaurant-new-orleans
Dish Cafe & Catering Reno Nevada yelp,dish-cafe-and-catering-reno
W.O.W  Worth Our Weight Santa Rosa California yelp,No URL Found
Tacopocalypse Des Moines Iowa yelp,tacopocalypse-des-moines
Toki Underground Washington DC yelp,toki-underground-washington
Flip Flops Grill & Chill Virginia Beach Virginia yelp,flip-flops-grill-chill-virginia-beach
Deep Ellum Allston Massachusetts yelp,deep-ellum-allston
Rex Italian Foods Norridge Illinois yelp,rex-italian-foods-norridge
The Rock Cafe Stroud Oklahoma yelp,rock-cafe-stroud
Comet Cafe Milwaukee Wisconsin yelp,comet-caf%25C3%25A9-milwaukee-2
Cafe Polonia Boston Massachusetts yelp,cafe-polonia-boston
Garifuna Flava Chicago Illinois yelp,garifuna-flava-chicago
Hackney's Glenview Illinois yelp,hackneys-glenview
Haggo's Organic Taco Leucadia California yelp,haggos-organic-taco-leucadia
Sweet Home Waimanalo Waimanalo Hawaii yelp,sweet-home-waimanalo-cafe-market-waimanalo-3
Mama's Food Shop Manhattan New York yelp,mamas-food-shop-new-york-2
Schellville Grille Sonoma California yelp,schellville-grill-sonoma-2
O'Rourke's Diner Middletown Connecticut yelp,o-rourkes-diner-middletown
Podnah's Pit Barbeque Portland Oregon yelp,podnahs-pit-barbeque-portland
Edgewood Cafe Cranston Rhode Island yelp,edgewood-cafe-cranston
At Sara's Table Chester Creek Cafe Duluth Minnesota yelp,at-saras-table-chester-creek-cafe-duluth-2
Earl's Drive-In Chaffee New York yelp,earls-drive-in-chaffee
North End Caffe Manhattan Beach California yelp,north-end-caffe-manhattan-beach-3
Ramona Cafe Ramona California yelp,ramona-cafe-ramona-2
Factory Gastrobar Long Beach California yelp,the-factory-long-beach-3
Patti's Pierogis Fall River Massachusetts yelp,pattis-pierogis-fall-river
Landmark Restaurant Charlotte North Carolina yelp,landmark-diner-restaurant-charlotte
The Pit Stop Merrick New York yelp,the-pit-stop-merrick
The Park's Finest BBQ Los Angeles California yelp,the-parks-finest-los-angeles
Davis' Pub Annapolis Maryland yelp,davis-pub-annapolis
Bun-Ker Vietnamese Queens New York yelp,bunker-brooklyn
Gannucci's Italian Market Duluth Minnesota yelp,gannuccis-italian-market-duluth
Savoy Cafe & Deli Santa Barbara California yelp,savoy-cafe-and-deli-santa-barbara
Parvicini's Italian Bistro Colorado Springs Colorado yelp,paravicinis-italian-bistro-colorado-springs
Fred's Texas Cafe Fort Worth Texas yelp,freds-texas-cafe-fort-worth-2
Gold 'N Silver Inn Reno Nevada yelp,gold-n-silver-inn-reno
"Arleta Library, Bakery & Cafe Portland Oregon yelp",arleta-library-bakery-cafe-portland
Big Jim's Pittsburgh Pennsylvania yelp,big-jims-restaurant-and-bar-pittsburgh
Red Iguana Salt Lake City Utah yelp,red-iguana-salt-lake-city
Traffic Jam & Snug Detroit Michigan yelp,traffic-jam-and-snug-detroit-3
Spirito's Italian Diner Carlsbad California yelp,spiritos-italian-diner-carlsbad
Jersey Cafe Carmel Indiana yelp,jerseys-cafe-carmel-2
Perfectly Franks Summerville South Carolina yelp,perfectly-franks-summerville
10th Avenue Burrito Belmar New Jersey yelp,10th-avenue-burrito-co-belmar
Queen's Comfort Astoria New York yelp,queens-comfort-astoria
Patrick's Roadhouse Santa Monica California yelp,patricks-roadhouse-santa-monica
Dot's Back Inn Richmond Virginia yelp,dots-back-inn-richmond
Michigan Brewing Co. Webberville Michigan yelp,michigan-brewing-company-webberville
Waddell's Pub & Grille Spokane Washington yelp,waddells-pub-and-grill-spokane
Don Antonio by Starita New York New York yelp,don-antonio-by-starita-new-york-2
Bert's Burger Bowl Santa Fe New Mexico yelp,berts-burger-bowl-santa-fe
Hullabaloo Diner Wellborn Texas yelp,hullabaloo-diner-wellborn
Solomon's Landing Cabo San Lucas Mexico yelp,solomons-landing-cabo-san-lucas
Papa's Soul Food Kitchen and BBQ Eugene Oregon yelp,papas-soul-food-kitchen-eugene
Leaping Lizards Cafe Virginia Beach Virginia yelp,leaping-lizard-cafe-virginia-beach
Gaffey Street Diner San Pedro California yelp,gaffey-st-diner-los-angeles-2
John Mull's Meats and Road Kill Grill Las Vegas Nevada yelp,john-mulls-meats-and-road-kill-grill-las-vegas-2
Kenny & Ziggy's Houston Texas yelp,kenny-and-ziggys-new-york-delicatessen-houston
Skirted Heiffer Colorado Springs Colorado yelp,skirted-heifer-colorado-springs
Senate Pub Cincinnati Ohio yelp,senate-restaurant-cincinnati
Melt Bar & Grilled Lakewood Ohio yelp,melt-bar-and-grilled-lakewood-2
Havana Hideout Lake Worth Florida yelp,havana-hideout-lake-worth
The Smoking Swine Baltimore Maryland yelp,the-smoking-swine-baltimore
Bluewater Seafood Market & Grill San Diego California yelp,blue-water-seafood-market-and-grill-san-diego
Gatsby's Diner Sacramento California yelp,gatsbys-diner-sacramento
The Alley Restaurant at Aiea Bowl Aiea Hawaii yelp,the-alley-restaurant-bar-and-grill-aiea-2
Gordy's Hi-Hat Cloquet Minnesota yelp,gordys-hi-hat-drive-inn-cloquet
Picabu Neighborhood Bistro Spokane Washington yelp,picabu-neighborhood-bistro-spokane
Pineville Tavern Pineville Pennsylvania yelp,pineville-tavern-pineville
Andreoli  Italian Grocer Scottsdale Arizona yelp,andreoli-italian-grocer-scottsdale
The Brick House Cafe and Catering Cable Wisconsin yelp,brick-house-cafe-and-catering-cable
Paul's Live From New York Eureka California yelp,live-from-new-york-eureka
The Smoke Joint Brooklyn New York yelp,the-smoke-joint-brooklyn
Cemitas Puebla Chicago Illinois yelp,cemitas-puebla-chicago-5
Twisted Root Beer Co. Dallas Texas yelp,twisted-root-burger-co-deep-ellum-dallas
Norton's Pastrami & Deli Santa Barbara California yelp,nortons-pastrami-and-deli-santa-barbara-2
Tom's Bar-B-Q Memphis Tennessee yelp,toms-barbecue-and-deli-memphis-3
Monterey Fish House Monterey California yelp,montereys-fish-house-monterey-2
Oyster Creek Inn Leeds Point New Jersey yelp,oyster-creek-inn-leeds-point
Honky Tonk BBQ Chicago Illinois yelp,honky-tonk-bbq-chicago
Maui's Dog House Wildwood New Jersey yelp,mauis-dog-house-north-wildwood
Red Lion Pub & Restaurant Houston Texas yelp,red-lion-british-pub-houston
La Piazza Al Forno Glendale Arizona yelp,la-piazza-al-forno-glendale
Grampa's Bakery & Restaurant Dania Beach Florida yelp,grampas-bakery-and-restaurant-dania-beach
Frosted Mug Alsip Illinois yelp,the-frosted-mug-drive-in-alsip
Kelly's Diner Somerville Massachusetts yelp,kellys-diner-somerville
Green Papaya Food Truck Stockton California yelp,green-papaya-food-truck-stockton
Flying Mango Des Moines Iowa yelp,flying-mango-des-moines-3
Mambos Cafe Glendale California yelp,mambos-cafe-glendale
Thee Pitts Again Glendale Arizona yelp,thee-pitts-again-glendale
Miss Shirley's Cafe Baltimore Maryland yelp,miss-shirleys-cafe-baltimore-9
Rick & Ann's Restaurant Berkeley California yelp,rick-and-anns-berkeley-2
DAE GEE Korean BBQ Denver Colorado yelp,dae-gee-korean-bbq-denver-4
Sip & Bite Restaurant Baltimore Maryland yelp,sip-and-bite-restaurant-baltimore
Kitty Hoynes Syracuse New York yelp,kitty-hoynes-irish-pub-and-restaurant-syracuse
Rick's Press Room Grill & Bar Meridian Idaho yelp,ricks-press-room-grill-and-bar-meridian
Phat Bites Nashville Tennessee yelp,phat-bites-nashville-4
Joe's Gizzard City Potterville Michigan yelp,joes-gizzard-city-potterville
Momocho Cleveland Ohio yelp,momocho-cleveland-2
Chili John's Burbank California yelp,chili-johns-burbank
Big Mama's Kitchen & Catering Omaha Nebraska yelp,big-mamas-kitchen-omaha
Mas Tacos por Favor Nashville Tennessee yelp,mas-tacos-nashville
Clementine Baltimore Maryland yelp,clementine-baltimore
Loulou's Griddle In The Middle Monterey California yelp,loulous-griddle-in-the-middle-monterey-2
Broadway Diner Baltimore Maryland yelp,broadway-diner-baltimore
Maxwell's East Coast Eatery Salt Lake City Utah yelp,maxwells-east-coast-eatery-salt-lake-city-3
The Diner Norman Oklahoma yelp,the-diner-norman
Grover's Bar & Grill East Amherst New York yelp,grovers-bar-and-grill-east-amherst
Bun x89xdbxf7N Barrel San Antonio Texas yelp,No URL Found
Cutty's Brookline Massachusetts yelp,cuttys-brookline
Melt Eclectic Cafe Cincinnati Ohio yelp,melt-eclectic-cafe-cincinnati-2
Tre Kronor Chicago Illinois yelp,tre-kronor-chicago
Funk 'n Waffles Syracuse New York yelp,funk-n-waffles-syracuse
Patton's Restaurant & Catering Des Moines Iowa yelp,pattons-des-moines
Blue Marlin Fish House Restaurant North Miami Beach Florida yelp,blue-marlin-fish-house-restaurant-north-miami-beach
Monument Cafe Georgetown Texas yelp,the-monument-caf%25C3%25A9-georgetown
Hops & Pie Denver Colorado yelp,hops-and-pie-denver
Hank's Haute Dogs Honolulu Hawaii yelp,hanks-haute-dogs-honolulu
Brownstone Diner Jersey City New Jersey yelp,brownstone-diner-and-pancake-factory-jersey-city
Quahog's Seafood Shack Stone Harbor New Jersey yelp,quahogs-seafood-shack-stone-harbor
Lakeview Restaurant Toronto Ontario Canada yelp,the-lakeview-toronto
Loleta Cheese Shop Loleta California yelp,loleta-cheese-factory-loleta
Fresh Catch Honolulu Hawaii yelp,fresh-catch-honolulu
Happy Gillis Cafe & Hangout Kansas City Missouri yelp,happy-gillis-cafe-and-hangout-kansas-city
Tubs Fine Chili Culver City California yelp,tubs-fine-chili-culver-city
Smack Shack at The 1029 Bar Minneapolis Minnesota yelp,the-1029-bar-minneapolis
George and the Dragon Minneapolis Minnesota yelp,george-and-the-dragon-minneapolis
The Little Depot Diner Peabody Massachusetts yelp,the-little-depot-diner-peabody
The Early Bird Diner Charleston South Carolina yelp,early-bird-diner-charleston
Glenn's Diner Chicago Illinois yelp,glenns-diner-chicago
Ernest & Son Brigantine New Jersey yelp,ernest-and-son-meat-market-brigantine
Brindle Room Manhattan New York yelp,brindle-room-new-york
The Fly Trap Ferndale Michigan yelp,the-fly-trap-ferndale
Darby's Cafe Olympia Washington yelp,darbys-cafe-olympia
Modern Cafe Minneapolis Minnesota yelp,modern-times-caf%25C3%25A9-minneapolis-2
Moseberth's Fried Chicken Portsmouth Virginia yelp,moseberths-chicken-place-portsmouth
Crazy Burger Cafe & Juice Bar Narragansett Rhode Island yelp,crazy-burger-cafe-and-juice-bar-narragansett
Cafe Genevieve Jackson Wyoming yelp,cafe-genevieve-jackson
Eischen's Bar & Grill Okarche Oklahoma yelp,eischens-bar-okarche
Bob's Taco Station Rosenberg Texas yelp,bobs-taco-station-rosenberg-2
T-Bone Tom's Steakhouse Kemah Texas yelp,t-bone-toms-kemah-2
Alpine Steakhouse Sarasota Florida yelp,alpine-steakhouse-sarasota
Elena's Restaurant Waipahu Hawaii yelp,elenas-home-of-finest-filipino-foods-waipahu-3
Parkside Market Falmouth Massachusetts yelp,parkside-market-falmouth
Sidewinder's American Grill Jackson Wyoming yelp,sidewinders-smokehouse-and-tavern-jackson
Noble Pig Sandwiches Austin Texas yelp,noble-sandwich-austin-3
Dor-Stop Restaurant Pittsburgh Pennsylvania yelp,the-dor-stop-restaurant-pittsburgh
Crystal Restaurant Pittsburgh Pennsylvania yelp,crystal-on-penn-pittsburgh
Gorilla BBQ Pacifica California yelp,gorilla-barbeque-pacifica
Sophia's Place Albuquerque New Mexico yelp,elis-place-albuquerque
Byblos Mediterranean Cafe Syracuse New York yelp,byblos-mediterranean-cafe-syracuse
CoraFaye's Cafe Denver Colorado yelp,corafayes-caf%25C3%25A9-aurora
Amato's Omaha Nebraska yelp,amatos-omaha
Matthews Cafeteria Tucker Georgia yelp,matthews-cafeteria-tucker
The Golden State Los Angeles California yelp,the-golden-state-los-angeles
Willie Bird's Restaurant Santa Rosa California yelp,willie-birds-restaurant-santa-rosa
Buster's on 28th Minneapolis Minnesota yelp,busters-on-28th-minneapolis
Johnny's Bar-B-Q Mission Kansas yelp,johnnys-bbq-shawnee-mission-3
Schellville Grill Sonoma California yelp,schellville-grill-sonoma-2
Boston Burger Company Boston Massachusetts yelp,boston-burger-company-boston
Badboy Burrito Key West Florida yelp,bad-boy-burrito-key-west
Beto's Comida Latina San Antonio Texas yelp,betos-alt-mex-san-antonio
Eva's European Sweets Syracuse New York yelp,evas-european-sweets-syracuse
Tufano's Vernon Park Tap Chicago Illinois yelp,tufanos-vernon-park-tap-chicago
Alcenia's Memphis Tennessee yelp,alcenias-desserts-and-preserves-shop-memphis
La Santisima Gourmet Taco Shop Bakersfield California yelp,la-santisima-gourmet-taco-shop-flagstaff-2
Falconetti's Vancouver British Columbia yelp,"[""q=http://webcache.googleusercontent.com/search%3Fq%3Dcache:h2EyhJWg5MgJ:https://www.yelp.com/search%3Ffind_desc%253Dfunk%252Brib%252Bnight%252Bclubs%2526find_loc%253DVancouver%25252C%252BBC%25252C%252BCanada%252BFalconetti's%252BVancouver%252BBritish%252BColumbia%252Byelp%26hl%3Den%26ct%3Dclnk&amp""]"
Hook Camden Town Camden London UK yelp,hook-camden-town-2
Louie & The Red Head Lady Mandeville Louisiana yelp,louie-and-the-redhead-lady-mandeville-3
Ortegaz' Southwestern Grill Manteo North Carolina yelp,ortegaz-southwestern-grill-and-wine-bar-manteo
Bar Gernika Boise Idaho yelp,bar-gernika-boise
Wrecking Bar Brewpub Atlanta Georgia yelp,wrecking-bar-brewpub-atlanta
Smokin' Guns BBQ North Kansas City Missouri yelp,smokin-guns-bbq-and-catering-north-kansas-city
Cecilia's Cafe Albuquerque New Mexico yelp,cecilias-cafe-albuquerque-3
Sunflower Cafe Sonoma California yelp,sunflower-caffe-sonoma
Fisherman's Market Eugene Oregon yelp,fishermans-market-eugene
Los Tacquitos Grill Phoenix Arizona yelp,los-taquitos-phoenix-2
Humboldt Sweets Ferndale California yelp,humboldt-sweets-ferndale
Marietta Diner Marietta Georgia yelp,marietta-diner-marietta-2
Al's Breakfast Minneapolis Minnesota yelp,als-breakfast-minneapolis
Capone's Pub Coeur d'Alene Idaho yelp,capones-pub-and-grill-coeur-d-alene
Pok Pok Portland Oregon yelp,pok-pok-portland
Dean's Drive Inn Kaneohe Hawaii yelp,deans-drive-inn-kaneohe-2
Curry Corner Tempe Arizona yelp,curry-corner-tempe
Metro 29 Diner Arlington Virginia yelp,metro-29-diner-restaurant-arlington
Junkyard Extreme Burgers and Brats Junction City Oregon yelp,junkyard-extreme-burgers-and-brats-junction-city
Carving Room Washington DC yelp,carving-room-washington
Baby Blues BBQ Venice California yelp,baby-blues-bbq-venice-venice
Charlie Parker's Springfield Illinois yelp,charlie-parkers-springfield
Rino's Place East Boston Massachusetts yelp,rinos-place-boston
Swallow at the Hollow Baltimore Maryland yelp,swallow-at-the-hollow-baltimore
Black Duck Cafe Westport Connecticut yelp,black-duck-cafe-westport
Hillbilly Hot Dogs Lesage West Virginia yelp,hillbilly-hot-dogs-lesage
Stoney Creek Inn Baltimore Maryland yelp,stoney-creek-inn-greenland-beach
Rosine's Restaurant Monterey California yelp,rosines-restaurant-monterey
Morin's Hometown Bar & Grill Attleboro Massachusetts yelp,morins-hometown-bar-and-grille-attleboro
G&A Restaurant Baltimore Maryland yelp,g-and-a-restaurant-baltimore
Chuck's Southern Comforts Cafe Burbank Illinois yelp,chucks-southern-comforts-caf%25C3%25A9-burbank-2
Pica's Mexican Taqueria Jackson Wyoming yelp,picas-mexican-taqueria-jackson-2
Joe's Farm Grill Gilbert Arizona yelp,joes-farm-grill-gilbert
United Noodles Minneapolis Minnesota yelp,united-noodles-minneapolis
The Old Coffee Pot Restaurant New Orleans Louisiana yelp,the-old-coffee-pot-restaurant-new-orleans
BBQ Shack Paola Kansas yelp,the-bbq-shack-paola
Atomic Cowboy Denver Colorado yelp,the-atomic-cowboy-denver-4
The Dining Car Philadelphia Pennsylvania yelp,the-dining-car-and-market-philadelphia
"DeFalco's Italian Eatery, Grocery & Deli Scottsdale Arizona yelp",defalcos-italian-grocery-scottsdale
Sophia Restaurant Buffalo New York yelp,sophias-restaurant-buffalo
Schooner or Later Long Beach California yelp,schooner-or-later-long-beach
California Tacos To Go Tampa Florida yelp,california-tacos-to-go-tampa-5
LaCaraquena Falls Church Virginia yelp,la-caraquena-falls-church-2
Port Ellen Clan Lucca Italy yelp,port-ellen-clan-lucca
Steuben's Food Service Denver Colorado yelp,steubens-food-service-denver
Carluccio's Coal Fired Pizza Northfield New Jersey yelp,carluccios-coal-fired-pizza-northfield
Peaceful Restaurant Vancouver British Columbia yelp,peaceful-restaurant-vancouver
Nana Organic Chicago Illinois yelp,nana-chicago
LoBello's Spaghetti House Coraopolis Pennsylvania yelp,lobellos-restaurant-coraopolis
Taco Taco Mexican Restaurant San Antonio Texas yelp,taco-taco-cafe-san-antonio
The Sandwich League Eugene Oregon yelp,the-sandwich-league-eugene
Cafe Rakka Hendersonville Tennessee yelp,cafe-rakka-hendersonville
Hank's Creekside Restaurant Santa Rosa California yelp,hanks-creekside-restaurant-santa-rosa-3
Dixie Quicks Omaha Nebraska yelp,dixie-quicks-council-bluffs
Jimmy's Diner Brooklyn New York yelp,jimmys-diner-brooklyn
Outer Banks Brewing Station Kill Devil Hills North Carolina yelp,outer-banks-brewing-station-kill-devil-hills
Mediterraneo Caffe Providence Rhode Island yelp,mediterraneo-providence
Prohibition Denver Colorado yelp,prohibition-denver
Moroccan Bites San Antonio Texas yelp,moroccan-bites-san-antonio
Metro Diner Jacksonville Florida yelp,metro-diner-jacksonville
Biju's Little Curry Shop Denver Colorado yelp,bijus-little-curry-shop-denver-2
Kelsey & Kim's Southern Cafe Atlantic City New Jersey yelp,kelsey-and-kims-southern-cafe-atlantic-city
The Russian River Pub Forestville California yelp,russian-river-pub-forestville
Gold x89xdbxf7N Silver Inn Reno Nevada yelp,No URL Found
Fab Hot Dogs Reseda California yelp,fab-hot-dogs-reseda-4
Di Pasquale's Baltimore Maryland yelp,di-pasquales-italian-marketplace-baltimore
Lone Star Taco Bar Allston Massachusetts yelp,lone-star-taco-bar-allston
A Taste of Home Cooking Wheat Ridge Colorado yelp,a-taste-of-home-cooking-wheat-ridge
Tin Roof Grill Sandy Utah yelp,tin-roof-grill-sandy
Red Wagon Cafe Vancouver British Columbia yelp,the-red-wagon-vancouver
Maria Empanada Denver Colorado yelp,maria-empanada-greenwood-village
Pies 'N' Thighs Brooklyn New York yelp,pies-n-thighs-brooklyn
Cabo Fish Taco Charlotte North Carolina yelp,cabo-fish-taco-charlotte
Mike's Huli Huli Chicken Kaneohe Hawaii yelp,mikes-huli-chicken-kaneohe
The Rivershack Tavern Jefferson Louisiana yelp,rivershack-tavern-jefferson
Jefferson Diner Lake Hopatcong New Jersey yelp,jefferson-diner-lake-hopatcong
The Grilled Cheeserie Nashville Tennessee yelp,the-grilled-cheeserie-nashville
Smokin Guns BBQ & Catering Kansas City Missouri yelp,smokin-guns-bbq-and-catering-north-kansas-city
Blackwater Grill St. Simons Island Georgia yelp,blackwater-grill-saint-simons-island-3
Crepe Expectations Las Vegas Nevada yelp,cr%25C3%25AApe-expectations-las-vegas-2
Driftwood Publick House & Oysteria Plymouth Massachusetts yelp,driftwood-publick-house-plymouth
Tom's Thumb Fresh Market Scottsdale Arizona yelp,https://m.yelp.com/biz/toms-thumb-fresh-market-scottsdale%3Fosq%3DCar%2BWash
Chef Point Cafe Wautaga Texas yelp,chef-point-cafe-watauga
Green Mesquite Austin Texas yelp,green-mesquite-bbq-and-more-austin
Louis' Basque Corner Reno Nevada yelp,louis-basque-corner-reno
3 Sisters Cafe Indianapolis Indiana yelp,3-sisters-caf%25C3%25A9-indianapolis-2
Aunt Lena's Creamery Chandler Arizona yelp,aunt-lenas-creamery-chandler
Zydeco's Mooresville Indiana yelp,zydecos-mooresville
Prince Lebanese Grill Arlington Texas yelp,prince-lebanese-grill-arlington
Pizzeria Luigi North Park California yelp,pizzeria-luigi-san-diego-2
From Scratch Restaurant Carmel California yelp,from-scratch-restaurant-carmel
Mac & Ernie's Tarpley Texas yelp,mac-and-ernies-roadside-eatery-tarpley-2
Aunt Mary's Cafe Oakland California yelp,aunt-marys-caf%25C3%25A9-oakland-5
At Last Cafe Long Beach California yelp,at-last-cafe-long-beach
Union Woodshop Clarkston Michigan yelp,union-woodshop-clarkston
Blue Collar Miami Florida yelp,blue-collar-miami
Back Street Bistro Santa Fe New Mexico yelp,back-street-bistro-santa-fe
Highland Tavern Denver Colorado yelp,highland-tavern-denver
Aunt Carrie's Narragansett Rhode Island yelp,aunt-carries-restaurant-narragansett
Four Kegs Sports Pub Las Vegas Nevada yelp,four-kegs-sports-bar-las-vegas
Crest Cafe San Diego California yelp,crest-cafe-san-diego
The Front Porch San Francisco California yelp,the-front-porch-san-francisco
Boulevard Diner Dundalk Maryland yelp,boulevard-diner-dundalk
Bobby's Hawaiian Style Restaurant Everett Washington yelp,bobbys-hawaiian-style-restaurant-lynnwood-3
Tortilla Cafe Washington D.C. yelp,tortilla-cafe-washington
Bizzaro Cafe Seattle Washington yelp,bizzarro-italian-caf%25C3%25A9-seattle-2
The Joint New Orleans Louisiana yelp,the-joint-new-orleans
Empire Brewing Company Syracuse New York yelp,empire-brewing-company-syracuse-2
Cornbread Cafe Eugene Oregon yelp,cornbread-cafe-eugene
39th Street Mama's Kansas City Missouri yelp,mamas-39th-st-diner-kansas-city
Black Pelican Oceanfront Restaurant Kitty Hawk North Carolina yelp,black-pelican-kitty-hawk
Valencia Luncheria Norwalk Connecticut yelp,valencia-luncheria-norwalk
Tiki Bar Cabo San Lucas Mexico yelp,tiki-bar-cabo-san-lucas
La Taverna dei Miracoli da Mangiafuoco Toscana Italy yelp,la-taverna-dei-miracoli-collodi
Fox Bros Bar-B-Q Atlanta Georgia yelp,fox-bros-bar-b-q-atlanta
Panozzo's Italian Market Chicago Illinois yelp,panozzos-italian-market-chicago
The Kitchen Oxnard California yelp,the-kitchen-oxnard
Wallace Station Versailles Kentucky yelp,wallace-station-deli-and-bakery-versailles
Blueplate Lunch Counter & Soda Fountain Portland Oregon yelp,blueplate-portland
Keegan's Seafood Grille Indian Rocks Beach Florida yelp,keegans-seafood-grille-indian-rocks-beach
Casa Razdora Boston Massachusetts yelp,casa-razdora-boston
J.J. McBrewster's Lexington Kentucky yelp,jj-mcbrewsters-lexington
Manci's Antique Club Daphne Alabama yelp,mancis-antique-club-daphne-2
Bay Way Diner Linden New Jersey yelp,johnny-princes-famous-bayway-diner-linden-2
DMK Burger Bar Chicago Illinois yelp,dmk-burger-bar-chicago
Sabroso Mexican Grill Garden Grove California yelp,sabroso-mexican-grill-garden-grove
Krazy Jim's Blimpy Burger Ann Arbor Michigan yelp,krazy-jims-blimpy-burger-ann-arbor-3
Black Tree New York New York yelp,black-tree-new-york
The Alley Restaurant At Aiea Bowl Aiea Hawaii yelp,the-alley-restaurant-bar-and-grill-aiea-2
Restaurant 415 Fort Collins Colorado yelp,restaurant-415-fort-collins
